{
  "car": {
    "precision": 0.21292354844202283,
    "recall": 0.4999000599640216,
    "f1": 0.29864469520568393,
    "tp": 2501,
    "fp": 9245,
    "fn": 2502,
    "gt": 5003
  },
  "person": {
    "precision": 0.2627793082338537,
    "recall": 0.3177276091783864,
    "f1": 0.28765287317808674,
    "tp": 1717,
    "fp": 4817,
    "fn": 3687,
    "gt": 5404
  },
  "bicycle": {
    "precision": 0.06190476190476191,
    "recall": 0.030952380952380953,
    "f1": 0.041269841269841276,
    "tp": 13,
    "fp": 197,
    "fn": 407,
    "gt": 420
  },
  "overall": {
    "precision": 0.2288263926446728,
    "recall": 0.39078230350050797,
    "f1": 0.2886379916089641,
    "tp": 4231,
    "fp": 14259,
    "fn": 6596
  },
  "mAP": {
    "mAP@0.5": 0.1521430164443027,
    "AP_per_class@0.5": {
      "car": 0.24060203708764927,
      "person": 0.19562499428790728,
      "bicycle": 0.020202017957351544
    },
    "mAP@0.75": 0.04818470185092277,
    "AP_per_class@0.75": {
      "car": 0.08254946377163673,
      "person": 0.060606040404047136,
      "bicycle": 0.0013986013770844543
    }
  },
  "image_accuracy": 0.022292993630573247
}