{
  "car": {
    "precision": 0.062962260572729,
    "recall": 0.0663601838896662,
    "f1": 0.06461658232775398,
    "tp": 332,
    "fp": 4941,
    "fn": 4671,
    "gt": 5003
  },
  "person": {
    "precision": 0.08867924528301886,
    "recall": 0.017394522575869726,
    "f1": 0.029084158415841582,
    "tp": 94,
    "fp": 966,
    "fn": 5310,
    "gt": 5404
  },
  "bicycle": {
    "precision": 0.0,
    "recall": 0.0,
    "f1": 0.0,
    "tp": 0,
    "fp": 0,
    "fn": 420,
    "gt": 420
  },
  "overall": {
    "precision": 0.06726669824727617,
    "recall": 0.03934607924632862,
    "f1": 0.04965034965034966,
    "tp": 426,
    "fp": 5907,
    "fn": 10401
  },
  "mAP": {
    "mAP@0.5": 0.017930779583061704,
    "AP_per_class@0.5": {
      "car": 0.04545452272728409,
      "person": 0.008337816021901024,
      "bicycle": 0.0
    },
    "mAP@0.75": 0.0012082026861046002,
    "AP_per_class@0.75": {
      "car": 0.002840909002130685,
      "person": 0.0007836990561831153,
      "bicycle": 0.0
    }
  },
  "image_accuracy": 0.0
}