{
  "car": {
    "precision": 0.10812943962115233,
    "recall": 0.13691784929042575,
    "f1": 0.12083259834185925,
    "tp": 685,
    "fp": 5650,
    "fn": 4318,
    "gt": 5003
  },
  "person": {
    "precision": 0.025747040030069536,
    "recall": 0.02535159141376758,
    "f1": 0.02554778554778555,
    "tp": 137,
    "fp": 5184,
    "fn": 5267,
    "gt": 5404
  },
  "bicycle": {
    "precision": 0.022727272727272728,
    "recall": 0.014285714285714285,
    "f1": 0.017543859649122806,
    "tp": 6,
    "fp": 258,
    "fn": 414,
    "gt": 420
  },
  "overall": {
    "precision": 0.06946308724832215,
    "recall": 0.07647547797173733,
    "f1": 0.07280080889787664,
    "tp": 828,
    "fp": 11092,
    "fn": 9999
  }
}