{
  "car": {
    "precision": 0.03152966277484739,
    "recall": 0.31900859484309413,
    "f1": 0.05738736471180469,
    "tp": 1596,
    "fp": 49023,
    "fn": 3407,
    "gt": 5003
  },
  "person": {
    "precision": 0.02698427047550172,
    "recall": 0.11047372316802369,
    "f1": 0.0433740191804708,
    "tp": 597,
    "fp": 21527,
    "fn": 4807,
    "gt": 5404
  },
  "bicycle": {
    "precision": 0.0,
    "recall": 0.0,
    "f1": 0.0,
    "tp": 0,
    "fp": 1,
    "fn": 420,
    "gt": 420
  },
  "overall": {
    "precision": 0.030146816232266577,
    "recall": 0.2025491825990579,
    "f1": 0.052482320422156004,
    "tp": 2193,
    "fp": 70551,
    "fn": 8634
  },
  "mAP": {
    "mAP@0.5": 0.039264838964540284,
    "AP_per_class@0.5": {
      "car": 0.06986126744922835,
      "person": 0.0479332494443925,
      "bicycle": 0.0
    },
    "mAP@0.75": 0.00025403272399036853,
    "AP_per_class@0.75": {
      "car": 0.0006020469556757878,
      "person": 0.0001600512162953178,
      "bicycle": 0.0
    }
  },
  "image_accuracy": 0.0
}