{
  "car": {
    "precision": 0.19296157769466168,
    "recall": 0.4537277633419948,
    "f1": 0.2707699648118328,
    "tp": 2270,
    "fp": 9494,
    "fn": 2733,
    "gt": 5003
  },
  "person": {
    "precision": 0.2804753820033956,
    "recall": 0.30569948186528495,
    "f1": 0.2925447140074376,
    "tp": 1652,
    "fp": 4238,
    "fn": 3752,
    "gt": 5404
  },
  "bicycle": {
    "precision": 0.03044496487119438,
    "recall": 0.030952380952380953,
    "f1": 0.030696576151121605,
    "tp": 13,
    "fp": 414,
    "fn": 407,
    "gt": 420
  },
  "overall": {
    "precision": 0.21763176815441623,
    "recall": 0.3634432437424956,
    "f1": 0.2722429777224298,
    "tp": 3935,
    "fp": 14146,
    "fn": 6892
  },
  "mAP": {
    "mAP@0.5": 0.16977157334457396,
    "AP_per_class@0.5": {
      "car": 0.215518442158315,
      "person": 0.20288727787531594,
      "bicycle": 0.09090900000009092
    },
    "mAP@0.75": 0.02236561485527203,
    "AP_per_class@0.75": {
      "car": 0.05564787212607572,
      "person": 0.01114594213772018,
      "bicycle": 0.000303030302020202
    }
  },
  "image_accuracy": 0.01751592356687898
}